soldier_id,branch,rank,sleep_hours,duty_hours,duty_type,weather,unit_type,past_accident,accident_occurred,disciplined
S0001,Artillery,Corporal,7.3,9.2,Day,Clear,GOP,0,0,0
S0002,Engineer,Private,7.3,6.2,On_Call,Clear,Frontline,1,1,0
S0003,Medic,Corporal,4.0,10.4,Day,Cloudy,Rear,1,0,0
S0004,Medic,Private_First_Class,7.9,10.4,Day,Rain,Rear,1,1,1
S0005,Medic,Private_First_Class,4.4,8.4,Night,Clear,GOP,0,1,0
S0006,Engineer,Private_First_Class,5.7,10.2,Day,Cloudy,Rear,1,0,0
S0007,Artillery,Corporal,3.3,5.2,Day,Rain,GOP,1,0,0
S0008,Infantry,Private,7.9,4.3,On_Call,Snow,Rear,0,0,0
S0009,Infantry,Private,7.1,5.0,On_Call,Rain,Frontline,1,1,0
S0010,Medic,Sergeant,3.4,8.9,On_Call,Cloudy,Frontline,0,1,1
S0011,Infantry,Private_First_Class,7.5,7.4,Night,Clear,GOP,1,0,0
S0012,Infantry,Private,3.4,7.4,Day,Snow,Rear,1,0,0
S0013,Infantry,Corporal,7.6,11.0,Day,Clear,GOP,0,0,0
S0014,Artillery,Private,7.0,9.1,Night,Snow,Rear,1,0,0
S0015,Infantry,Private_First_Class,4.7,9.0,Day,Snow,GOP,1,0,0
S0016,Engineer,Sergeant,3.1,9.8,Night,Snow,GOP,0,1,1
S0017,Infantry,Private,7.1,10.3,On_Call,Clear,Frontline,0,0,0
S0018,Artillery,Private_First_Class,3.4,4.9,Night,Snow,Frontline,1,0,0
S0019,Engineer,Corporal,6.9,10.7,On_Call,Rain,GOP,1,1,1
S0020,Engineer,Private,6.2,9.9,On_Call,Snow,Rear,1,0,0
S0021,Medic,Corporal,5.6,8.8,Night,Rain,Rear,1,1,0
S0022,Medic,Sergeant,4.2,5.0,Night,Rain,GOP,0,1,0
S0023,Engineer,Sergeant,7.5,8.8,Day,Cloudy,Rear,0,0,0
S0024,Artillery,Private,7.6,4.9,Night,Clear,Rear,1,1,1
S0025,Artillery,Private_First_Class,4.4,4.4,Day,Clear,Rear,0,0,0
S0026,Engineer,Private_First_Class,4.3,4.8,Night,Clear,Frontline,0,0,0
S0027,Engineer,Private_First_Class,5.6,8.8,Day,Rain,Frontline,1,0,0
S0028,Artillery,Corporal,7.5,6.6,Night,Clear,Frontline,0,0,0
S0029,Artillery,Corporal,7.0,5.7,Day,Cloudy,Frontline,1,1,0
S0030,Artillery,Corporal,6.6,10.3,On_Call,Cloudy,Frontline,0,0,0
S0031,Infantry,Private_First_Class,4.9,7.5,Day,Snow,Frontline,0,0,0
S0032,Infantry,Private,3.8,8.2,Day,Snow,Frontline,1,1,1
S0033,Medic,Corporal,7.5,9.6,On_Call,Cloudy,Rear,0,0,0
S0034,Artillery,Private_First_Class,4.4,6.5,On_Call,Rain,Frontline,1,1,1
S0035,Artillery,Private,7.0,6.1,Night,Clear,Frontline,0,0,0
S0036,Medic,Sergeant,3.3,10.3,On_Call,Cloudy,Frontline,1,1,1
S0037,Infantry,Sergeant,3.8,11.5,On_Call,Cloudy,GOP,0,0,0
S0038,Artillery,Private_First_Class,5.8,10.5,Day,Cloudy,Rear,1,1,0
S0039,Artillery,Corporal,7.6,5.6,Night,Rain,Frontline,1,0,0
S0040,Artillery,Private,4.7,4.9,Day,Cloudy,GOP,0,1,0
S0041,Artillery,Private,4.9,4.0,Day,Rain,Frontline,0,0,0
S0042,Artillery,Private_First_Class,6.9,9.5,On_Call,Clear,GOP,1,0,0
S0043,Artillery,Private,3.1,11.7,Day,Snow,GOP,0,1,1
S0044,Infantry,Private,3.8,4.1,Day,Clear,Rear,0,1,1
S0045,Artillery,Private_First_Class,4.4,8.7,On_Call,Clear,Rear,0,1,0
S0046,Infantry,Sergeant,5.3,7.1,Day,Cloudy,Rear,1,0,0
S0047,Engineer,Corporal,7.7,10.0,Night,Rain,Frontline,0,1,0
S0048,Engineer,Sergeant,3.0,11.5,Day,Rain,GOP,0,1,1
S0049,Medic,Private,4.7,4.4,Day,Cloudy,Frontline,1,1,0
S0050,Medic,Private_First_Class,7.9,5.8,Night,Clear,Frontline,0,0,0
S0051,Medic,Private_First_Class,3.3,7.3,Night,Cloudy,Rear,0,1,1
S0052,Infantry,Private_First_Class,6.5,9.1,Day,Rain,Rear,0,0,0
S0053,Artillery,Private_First_Class,5.8,9.0,Night,Snow,Frontline,1,1,0
S0054,Infantry,Sergeant,5.5,4.2,On_Call,Cloudy,GOP,0,0,0
S0055,Infantry,Corporal,6.8,5.4,Night,Snow,GOP,0,0,0
S0056,Engineer,Sergeant,4.7,5.5,On_Call,Snow,GOP,0,1,1
S0057,Artillery,Corporal,4.5,5.8,Day,Rain,GOP,0,0,0
S0058,Engineer,Private,6.3,5.4,Night,Cloudy,GOP,0,0,0
S0059,Engineer,Private_First_Class,7.4,10.8,On_Call,Snow,Rear,0,0,0
S0060,Artillery,Private,7.7,8.4,On_Call,Snow,Frontline,1,0,0
S0061,Medic,Private,5.8,11.2,On_Call,Clear,GOP,1,1,1
S0062,Medic,Corporal,4.7,6.7,On_Call,Rain,GOP,0,0,0
S0063,Engineer,Private,5.8,4.8,Night,Rain,Frontline,0,0,0
S0064,Engineer,Private_First_Class,4.5,9.8,On_Call,Cloudy,Frontline,0,1,1
S0065,Artillery,Corporal,4.0,5.9,On_Call,Cloudy,GOP,0,0,0
S0066,Infantry,Sergeant,6.4,9.9,Day,Rain,GOP,1,0,0
S0067,Engineer,Private_First_Class,7.2,11.3,On_Call,Snow,GOP,0,1,1
S0068,Artillery,Sergeant,6.0,11.4,Night,Rain,Rear,1,1,1
S0069,Artillery,Private,6.6,11.3,On_Call,Snow,GOP,1,0,0
S0070,Medic,Private,5.2,11.6,Night,Clear,Rear,1,0,0
S0071,Infantry,Private,4.0,9.1,Day,Rain,Frontline,1,1,0
S0072,Artillery,Sergeant,5.6,10.1,On_Call,Clear,Frontline,0,1,1
S0073,Infantry,Private_First_Class,3.8,5.9,Night,Snow,Frontline,1,0,0
S0074,Artillery,Private,8.0,9.5,Day,Cloudy,GOP,0,0,0
S0075,Medic,Corporal,6.9,9.9,On_Call,Cloudy,GOP,0,0,0
S0076,Infantry,Private_First_Class,7.5,7.7,On_Call,Clear,Frontline,1,0,0
S0077,Artillery,Private,4.4,6.3,On_Call,Clear,Rear,1,1,0
S0078,Engineer,Private,5.1,7.3,On_Call,Clear,Rear,1,0,0
S0079,Medic,Sergeant,7.8,4.2,Day,Clear,Frontline,1,0,0
S0080,Engineer,Private_First_Class,3.8,6.8,Day,Clear,Rear,0,0,0
S0081,Infantry,Sergeant,5.3,11.2,On_Call,Rain,GOP,1,1,0
S0082,Infantry,Private_First_Class,4.5,6.8,Night,Cloudy,Frontline,0,1,0
S0083,Infantry,Private_First_Class,7.6,9.6,Day,Clear,GOP,0,1,1
S0084,Medic,Sergeant,6.7,4.8,Night,Cloudy,GOP,1,0,0
S0085,Engineer,Private,6.5,6.6,Day,Clear,GOP,0,0,0
S0086,Medic,Private_First_Class,4.3,9.6,On_Call,Rain,Rear,1,1,0
S0087,Infantry,Private,5.5,10.5,Night,Cloudy,GOP,1,1,0
S0088,Engineer,Private_First_Class,3.1,6.7,On_Call,Cloudy,Rear,1,0,0
S0089,Medic,Private_First_Class,3.8,6.4,Night,Cloudy,Rear,1,1,1
S0090,Medic,Sergeant,4.4,7.2,On_Call,Rain,GOP,0,0,0
S0091,Artillery,Private,4.7,11.2,Night,Cloudy,Frontline,0,0,0
S0092,Infantry,Corporal,6.2,4.6,Day,Rain,Frontline,1,1,0
S0093,Medic,Corporal,4.0,4.5,On_Call,Snow,Rear,0,0,0
S0094,Medic,Private,3.0,5.7,Night,Rain,GOP,0,0,0
S0095,Engineer,Sergeant,3.6,11.8,Night,Rain,GOP,0,1,1
S0096,Infantry,Private,7.9,11.2,Day,Rain,Frontline,0,1,1
S0097,Medic,Sergeant,6.7,4.9,On_Call,Clear,GOP,0,0,0
S0098,Artillery,Corporal,5.1,9.0,Day,Snow,GOP,1,0,0
S0099,Medic,Sergeant,5.0,7.1,On_Call,Snow,GOP,0,1,0
S0100,Engineer,Private,6.6,9.5,Night,Clear,GOP,1,1,1
S0101,Medic,Private,6.6,9.7,On_Call,Cloudy,GOP,1,1,1
S0102,Medic,Sergeant,6.9,5.7,Night,Clear,GOP,0,0,0
S0103,Artillery,Corporal,7.2,6.6,On_Call,Rain,Frontline,0,0,0
S0104,Medic,Corporal,5.3,6.0,Day,Clear,Frontline,0,0,0
S0105,Infantry,Sergeant,5.8,4.7,Day,Rain,Frontline,1,0,0
S0106,Medic,Private_First_Class,4.0,11.5,Night,Rain,GOP,1,1,1
S0107,Engineer,Corporal,7.8,8.2,Day,Cloudy,Rear,0,0,0
S0108,Medic,Private,5.4,8.2,Day,Clear,Rear,0,1,1
S0109,Artillery,Private,4.3,9.7,On_Call,Clear,Frontline,1,1,1
S0110,Engineer,Sergeant,4.1,9.9,Night,Snow,Frontline,0,1,0
S0111,Medic,Private_First_Class,4.1,11.5,Day,Snow,Frontline,1,1,0
S0112,Infantry,Private_First_Class,7.7,10.8,On_Call,Cloudy,Frontline,0,1,0
S0113,Artillery,Private,3.2,5.1,Night,Cloudy,Rear,1,0,0
S0114,Infantry,Private_First_Class,5.6,11.8,Night,Cloudy,Rear,0,1,0
S0115,Engineer,Private,5.0,5.4,On_Call,Snow,Rear,1,0,0
S0116,Engineer,Sergeant,3.3,7.4,Night,Cloudy,Rear,0,0,0
S0117,Medic,Sergeant,3.9,8.1,On_Call,Rain,GOP,0,1,1
S0118,Medic,Corporal,3.0,10.7,Night,Snow,Rear,0,1,1
S0119,Artillery,Private,6.7,10.6,Night,Rain,Frontline,1,1,1
S0120,Engineer,Sergeant,5.1,5.1,Day,Clear,GOP,1,1,1
S0121,Infantry,Private,3.3,7.9,Night,Rain,Rear,1,1,1
S0122,Artillery,Private_First_Class,5.3,10.0,Night,Cloudy,Rear,1,1,1
S0123,Artillery,Private_First_Class,6.5,4.2,Night,Clear,Rear,1,0,0
S0124,Infantry,Private_First_Class,4.5,9.2,Day,Cloudy,Frontline,0,1,1
S0125,Medic,Private,5.2,6.4,Night,Cloudy,Rear,0,0,0
S0126,Engineer,Private,5.4,9.6,On_Call,Rain,Frontline,0,0,0
S0127,Infantry,Corporal,3.5,5.3,Day,Cloudy,Frontline,0,0,0
S0128,Medic,Private,3.6,11.2,Day,Rain,Frontline,1,1,1
S0129,Medic,Sergeant,4.7,4.4,Day,Rain,Frontline,1,1,1
S0130,Engineer,Corporal,5.1,9.1,Day,Snow,Frontline,1,1,1
S0131,Medic,Private_First_Class,5.4,4.2,On_Call,Cloudy,GOP,0,0,0
S0132,Medic,Private_First_Class,5.0,7.1,Day,Snow,GOP,0,0,0
S0133,Artillery,Corporal,6.1,8.1,On_Call,Snow,Rear,1,0,0
S0134,Medic,Private_First_Class,6.1,9.7,Night,Rain,GOP,0,1,1
S0135,Medic,Private_First_Class,7.2,4.3,On_Call,Rain,GOP,0,0,0
S0136,Medic,Private,5.3,9.5,Day,Rain,Rear,0,0,0
S0137,Infantry,Private,7.6,9.4,Day,Cloudy,Frontline,0,0,0
S0138,Infantry,Sergeant,4.6,9.8,On_Call,Snow,Frontline,0,1,0
S0139,Artillery,Private,5.7,9.1,Day,Rain,Frontline,0,0,0
S0140,Engineer,Private,4.7,4.5,Night,Clear,Frontline,0,0,0
S0141,Engineer,Sergeant,6.6,4.1,Night,Snow,Frontline,0,0,0
S0142,Engineer,Sergeant,4.2,7.8,Night,Clear,Frontline,1,1,0
S0143,Infantry,Sergeant,4.9,7.4,Day,Rain,GOP,1,0,0
S0144,Engineer,Private,5.5,11.0,Night,Cloudy,GOP,1,1,0
S0145,Infantry,Sergeant,7.2,5.4,Night,Snow,Frontline,0,0,0
S0146,Infantry,Sergeant,3.5,10.4,On_Call,Rain,GOP,1,1,1
S0147,Artillery,Private,7.3,8.4,Night,Snow,GOP,0,0,0
S0148,Artillery,Sergeant,3.8,6.9,On_Call,Cloudy,Frontline,1,1,1
S0149,Engineer,Private_First_Class,3.7,4.0,Day,Rain,Frontline,1,0,0
S0150,Engineer,Private_First_Class,6.3,8.2,Night,Cloudy,Rear,0,0,0
S0151,Engineer,Private,5.4,9.1,Day,Cloudy,GOP,1,1,1
S0152,Engineer,Sergeant,3.2,9.7,Day,Cloudy,GOP,1,1,1
S0153,Medic,Corporal,4.4,10.2,On_Call,Rain,GOP,0,0,0
S0154,Infantry,Sergeant,4.7,10.0,On_Call,Clear,Frontline,0,1,0
S0155,Infantry,Corporal,7.0,10.4,Day,Snow,Rear,1,1,1
S0156,Medic,Private_First_Class,5.6,8.9,Day,Clear,Rear,0,1,1
S0157,Infantry,Corporal,6.5,11.8,Night,Snow,Frontline,1,0,0
S0158,Engineer,Corporal,4.4,5.6,On_Call,Cloudy,Rear,0,0,0
S0159,Artillery,Sergeant,5.7,8.4,On_Call,Cloudy,Rear,0,0,0
S0160,Infantry,Private,3.5,10.1,Day,Snow,Rear,1,1,0
S0161,Engineer,Sergeant,6.3,12.0,Night,Clear,GOP,1,1,0
S0162,Medic,Sergeant,7.3,8.0,Night,Clear,GOP,1,0,0
S0163,Infantry,Sergeant,7.3,10.5,Day,Snow,Rear,0,0,0
S0164,Medic,Private,5.3,7.9,On_Call,Rain,Rear,0,0,0
S0165,Engineer,Corporal,6.4,4.4,Night,Cloudy,GOP,1,0,0
S0166,Infantry,Private_First_Class,6.2,5.0,Night,Cloudy,Frontline,1,0,0
S0167,Artillery,Sergeant,3.5,8.9,Night,Snow,GOP,0,1,0
S0168,Infantry,Private_First_Class,5.9,9.8,Day,Clear,GOP,1,1,0
S0169,Medic,Private,4.2,8.4,Day,Cloudy,Rear,0,1,1
S0170,Infantry,Private,7.8,6.1,On_Call,Snow,GOP,0,0,0
S0171,Medic,Private_First_Class,4.6,9.5,Day,Rain,Rear,0,0,0
S0172,Infantry,Sergeant,6.5,11.6,Day,Rain,GOP,1,1,1
S0173,Artillery,Private,5.0,11.4,Night,Cloudy,GOP,0,0,0
S0174,Infantry,Private_First_Class,4.9,7.3,Night,Clear,Rear,0,0,0
S0175,Infantry,Sergeant,4.8,4.4,Night,Rain,Frontline,1,1,0
S0176,Engineer,Sergeant,4.9,8.7,On_Call,Snow,GOP,1,0,0
S0177,Engineer,Sergeant,6.7,10.6,Day,Cloudy,Rear,0,0,0
S0178,Infantry,Corporal,7.9,8.6,On_Call,Cloudy,Frontline,0,1,1
S0179,Infantry,Private_First_Class,6.6,8.8,Day,Rain,Rear,1,1,0
S0180,Engineer,Private,3.3,6.9,Day,Cloudy,Frontline,0,1,0
S0181,Infantry,Sergeant,3.9,6.1,Day,Snow,Frontline,0,1,1
S0182,Infantry,Corporal,4.3,9.1,On_Call,Rain,Frontline,1,0,0
S0183,Infantry,Private_First_Class,3.3,11.4,Day,Snow,Rear,0,1,1
S0184,Medic,Corporal,4.6,4.1,Day,Clear,Frontline,0,1,0
S0185,Infantry,Private_First_Class,6.6,7.7,Night,Rain,GOP,1,0,0
S0186,Medic,Private,7.5,11.6,Night,Snow,GOP,1,0,0
S0187,Artillery,Private,3.7,7.5,On_Call,Cloudy,GOP,0,0,0
S0188,Engineer,Private_First_Class,6.5,7.0,Day,Cloudy,Rear,1,0,0
S0189,Engineer,Private,6.7,10.7,Night,Cloudy,Frontline,1,1,0
S0190,Medic,Corporal,3.6,8.3,Night,Rain,Rear,0,1,0
S0191,Infantry,Private,7.3,8.1,Day,Cloudy,Rear,1,0,0
S0192,Medic,Private,4.1,6.9,Night,Rain,Rear,1,1,0
S0193,Engineer,Sergeant,4.5,9.2,Night,Rain,Rear,1,1,1
S0194,Artillery,Sergeant,7.2,10.6,Night,Clear,Rear,0,1,1
S0195,Artillery,Private,4.5,4.9,Night,Snow,Frontline,0,0,0
S0196,Engineer,Private,4.1,10.6,On_Call,Rain,GOP,0,0,0
S0197,Artillery,Sergeant,4.4,11.1,Night,Rain,Frontline,1,0,0
S0198,Medic,Private_First_Class,7.8,8.8,Night,Rain,Rear,1,1,1
S0199,Medic,Corporal,6.5,7.2,Night,Clear,GOP,1,1,1
S0200,Artillery,Sergeant,3.7,8.5,Day,Cloudy,Rear,1,0,0
S0201,Infantry,Private,5.3,5.3,Day,Cloudy,GOP,0,0,0
S0202,Medic,Sergeant,5.6,11.3,Day,Cloudy,Frontline,0,0,0
S0203,Infantry,Private,7.3,6.0,Day,Cloudy,Rear,0,1,1
S0204,Engineer,Private_First_Class,4.2,9.7,On_Call,Clear,Frontline,1,0,0
S0205,Engineer,Private,4.5,11.5,Day,Clear,GOP,1,0,0
S0206,Infantry,Corporal,4.6,9.8,On_Call,Cloudy,Rear,0,0,0
S0207,Artillery,Sergeant,3.4,9.1,Day,Snow,Rear,0,1,0
S0208,Medic,Private_First_Class,5.3,10.9,On_Call,Snow,Frontline,0,1,1
S0209,Engineer,Private_First_Class,4.5,9.1,Night,Snow,Frontline,0,0,0
S0210,Infantry,Sergeant,4.1,6.8,Day,Clear,Rear,0,0,0
S0211,Artillery,Sergeant,5.4,7.5,Night,Cloudy,Frontline,0,0,0
S0212,Artillery,Corporal,6.1,8.3,Night,Rain,Frontline,1,0,0
S0213,Engineer,Private,5.0,9.5,On_Call,Cloudy,Rear,0,0,0
S0214,Infantry,Sergeant,7.6,6.4,Day,Cloudy,Frontline,0,0,0
S0215,Medic,Private_First_Class,6.4,10.5,On_Call,Rain,GOP,1,0,0
S0216,Medic,Private,7.9,9.5,Day,Cloudy,GOP,0,1,0
S0217,Engineer,Sergeant,5.5,11.6,On_Call,Snow,GOP,0,0,0
S0218,Medic,Sergeant,6.1,8.7,On_Call,Rain,Rear,1,1,0
S0219,Medic,Private_First_Class,5.1,11.3,Day,Rain,Frontline,0,0,0
S0220,Engineer,Sergeant,6.6,10.1,Day,Snow,GOP,1,0,0
S0221,Infantry,Sergeant,4.2,11.5,On_Call,Rain,Rear,1,1,1
S0222,Engineer,Sergeant,6.7,9.8,On_Call,Clear,Rear,0,1,0
S0223,Engineer,Sergeant,4.0,8.1,Night,Rain,Frontline,1,1,0
S0224,Engineer,Private,4.2,7.1,Day,Clear,Rear,0,0,0
S0225,Infantry,Private,7.0,11.4,Night,Cloudy,Rear,1,1,0
S0226,Engineer,Private,7.6,12.0,On_Call,Cloudy,Rear,0,0,0
S0227,Engineer,Private,3.9,7.8,On_Call,Rain,GOP,1,1,1
S0228,Artillery,Private_First_Class,5.9,11.4,Night,Clear,Frontline,1,1,0
S0229,Medic,Sergeant,3.3,6.4,On_Call,Cloudy,Rear,0,0,0
S0230,Infantry,Private_First_Class,6.9,11.1,On_Call,Cloudy,GOP,1,0,0
S0231,Engineer,Private,6.2,11.1,Night,Rain,Frontline,0,0,0
S0232,Medic,Private_First_Class,4.6,4.4,Night,Clear,Frontline,0,1,1
S0233,Medic,Private_First_Class,3.8,11.4,On_Call,Rain,Rear,1,0,0
S0234,Artillery,Sergeant,5.5,7.8,Day,Rain,GOP,0,0,0
S0235,Artillery,Private,3.2,12.0,Night,Cloudy,Rear,1,1,1
S0236,Engineer,Sergeant,7.1,11.5,Night,Snow,GOP,0,1,1
S0237,Infantry,Private,6.5,10.1,Day,Cloudy,Frontline,0,0,0
S0238,Infantry,Corporal,8.0,6.4,Day,Cloudy,Frontline,1,0,0
S0239,Infantry,Private_First_Class,3.0,6.0,Night,Rain,Frontline,1,0,0
S0240,Engineer,Private_First_Class,7.2,6.7,Day,Clear,GOP,1,0,0
S0241,Engineer,Corporal,6.8,6.7,On_Call,Rain,Rear,1,0,0
S0242,Artillery,Private_First_Class,5.5,5.1,Night,Clear,Frontline,0,1,1
S0243,Artillery,Corporal,7.5,9.9,Night,Rain,Frontline,0,1,0
S0244,Infantry,Private_First_Class,6.9,7.4,On_Call,Rain,Rear,0,0,0
S0245,Medic,Private,3.4,5.5,Night,Snow,Frontline,1,1,0
S0246,Artillery,Private,7.1,9.3,Day,Rain,Frontline,0,1,0
S0247,Artillery,Corporal,4.9,4.8,On_Call,Rain,Rear,1,1,1
S0248,Artillery,Private,5.2,6.3,Day,Cloudy,Frontline,1,0,0
S0249,Infantry,Private,4.4,8.9,Night,Rain,GOP,1,1,0
S0250,Engineer,Private_First_Class,6.5,4.4,Day,Cloudy,Rear,0,0,0
S0251,Artillery,Corporal,3.1,9.6,On_Call,Rain,GOP,0,0,0
S0252,Artillery,Private,6.4,10.9,Night,Cloudy,GOP,1,1,0
S0253,Medic,Private,5.3,5.9,Night,Snow,GOP,1,1,0
S0254,Engineer,Sergeant,3.2,10.6,Day,Clear,Frontline,1,1,0
S0255,Engineer,Private,5.1,5.6,On_Call,Snow,Rear,1,0,0
S0256,Engineer,Corporal,5.9,7.0,On_Call,Clear,Rear,0,0,0
S0257,Artillery,Private_First_Class,6.3,9.5,Day,Cloudy,Rear,1,1,0
S0258,Engineer,Corporal,5.0,10.3,On_Call,Snow,Frontline,0,0,0
S0259,Engineer,Corporal,3.4,7.7,Day,Cloudy,GOP,1,0,0
S0260,Engineer,Private,3.1,7.3,On_Call,Clear,Frontline,0,0,0
S0261,Artillery,Private_First_Class,5.2,5.6,Night,Cloudy,Frontline,1,0,0
S0262,Artillery,Private_First_Class,7.8,5.8,On_Call,Cloudy,GOP,0,1,0
S0263,Infantry,Private,4.3,11.3,On_Call,Snow,GOP,0,1,1
S0264,Infantry,Private,7.7,8.4,Day,Snow,GOP,0,1,0
S0265,Artillery,Private,4.2,5.8,On_Call,Cloudy,Frontline,0,0,0
S0266,Engineer,Corporal,5.3,4.2,On_Call,Clear,Frontline,1,1,0
S0267,Artillery,Private,4.7,8.5,Day,Cloudy,Frontline,1,1,1
S0268,Artillery,Private_First_Class,5.0,8.8,On_Call,Rain,Rear,0,0,0
S0269,Engineer,Private_First_Class,3.3,9.1,Day,Clear,GOP,1,1,1
S0270,Medic,Private_First_Class,6.8,6.6,Day,Cloudy,GOP,1,1,1
S0271,Medic,Sergeant,3.9,10.0,Night,Cloudy,GOP,0,1,0
S0272,Infantry,Private_First_Class,3.5,8.9,On_Call,Rain,Rear,1,0,0
S0273,Infantry,Private_First_Class,3.3,10.8,Night,Cloudy,Rear,1,1,1
S0274,Medic,Private_First_Class,6.6,6.5,Day,Rain,Frontline,1,0,0
S0275,Engineer,Private,3.0,6.9,Night,Clear,Rear,0,1,0
S0276,Medic,Private,4.6,7.2,On_Call,Clear,Frontline,0,1,0
S0277,Medic,Corporal,6.5,6.4,Day,Clear,Frontline,0,0,0
S0278,Artillery,Sergeant,4.1,6.9,Day,Snow,Frontline,0,0,0
S0279,Infantry,Sergeant,5.3,10.0,Night,Rain,GOP,0,0,0
S0280,Medic,Private_First_Class,6.6,5.3,Night,Cloudy,Rear,0,1,0
S0281,Infantry,Sergeant,4.7,7.3,Day,Snow,Frontline,1,0,0
S0282,Medic,Corporal,4.9,6.3,On_Call,Cloudy,Frontline,1,0,0
S0283,Infantry,Corporal,4.1,11.8,On_Call,Cloudy,Frontline,0,0,0
S0284,Infantry,Sergeant,7.2,11.3,Night,Clear,GOP,1,1,1
S0285,Artillery,Corporal,7.7,5.2,Day,Snow,Frontline,1,1,1
S0286,Infantry,Private,4.8,4.8,On_Call,Clear,GOP,1,0,0
S0287,Artillery,Corporal,7.2,5.2,Day,Cloudy,GOP,0,0,0
S0288,Infantry,Sergeant,5.0,10.4,On_Call,Clear,Rear,0,0,0
S0289,Infantry,Private_First_Class,3.2,4.2,On_Call,Snow,Frontline,0,1,0
S0290,Engineer,Private,3.0,9.1,Night,Clear,Rear,0,0,0
S0291,Infantry,Corporal,5.6,9.9,Day,Snow,GOP,1,1,0
S0292,Infantry,Corporal,7.9,11.3,Night,Cloudy,Rear,1,1,1
S0293,Artillery,Private_First_Class,4.9,9.9,Night,Snow,GOP,0,0,0
S0294,Medic,Corporal,5.4,4.6,On_Call,Clear,Rear,1,0,0
S0295,Engineer,Sergeant,4.8,4.0,On_Call,Rain,Frontline,1,1,1
S0296,Infantry,Corporal,4.6,8.7,On_Call,Cloudy,GOP,0,0,0
S0297,Engineer,Private,3.2,4.8,On_Call,Snow,Rear,0,1,0
S0298,Infantry,Corporal,6.1,6.2,Day,Rain,Frontline,0,0,0
S0299,Artillery,Corporal,7.5,4.3,Night,Clear,GOP,1,0,0
S0300,Infantry,Sergeant,7.8,11.7,Day,Clear,Frontline,1,1,1
S0301,Engineer,Corporal,3.3,4.3,Day,Clear,Frontline,0,1,1
S0302,Infantry,Corporal,5.6,8.9,On_Call,Cloudy,Frontline,1,0,0
S0303,Medic,Private,5.8,9.0,On_Call,Rain,GOP,0,0,0
S0304,Infantry,Private,5.8,8.8,On_Call,Clear,Rear,0,0,0
S0305,Artillery,Sergeant,5.2,4.1,On_Call,Clear,Frontline,0,0,0
S0306,Engineer,Corporal,5.0,6.2,On_Call,Cloudy,Frontline,0,0,0
S0307,Engineer,Private_First_Class,3.3,8.0,Day,Cloudy,Frontline,1,1,0
S0308,Infantry,Private_First_Class,4.1,9.1,Night,Clear,Rear,0,1,0
S0309,Artillery,Private,7.9,6.4,On_Call,Rain,GOP,0,0,0
S0310,Infantry,Private,6.6,10.6,Night,Snow,GOP,1,1,1
S0311,Artillery,Sergeant,7.8,10.5,Night,Snow,Frontline,1,0,0
S0312,Infantry,Sergeant,4.3,8.9,On_Call,Snow,GOP,0,1,1
S0313,Medic,Private,4.5,10.2,On_Call,Clear,Frontline,1,0,0
S0314,Medic,Corporal,7.1,7.9,On_Call,Clear,GOP,1,1,1
S0315,Infantry,Sergeant,7.6,6.8,Day,Clear,Rear,1,0,0
S0316,Medic,Corporal,6.0,8.6,Night,Rain,Rear,0,1,0
S0317,Infantry,Sergeant,6.0,7.4,On_Call,Rain,Frontline,0,0,0
S0318,Infantry,Corporal,4.1,8.7,Day,Cloudy,Rear,0,1,0
S0319,Artillery,Sergeant,6.4,8.7,On_Call,Rain,Rear,0,0,0
S0320,Engineer,Corporal,4.5,6.1,On_Call,Clear,Frontline,1,1,0
S0321,Infantry,Private_First_Class,4.4,11.2,On_Call,Cloudy,Rear,0,1,0
S0322,Infantry,Private,7.3,8.5,On_Call,Cloudy,GOP,0,0,0
S0323,Artillery,Sergeant,6.0,11.9,On_Call,Rain,GOP,1,1,1
S0324,Artillery,Sergeant,5.9,11.9,On_Call,Clear,Rear,1,1,0
S0325,Artillery,Corporal,6.2,8.5,Day,Cloudy,Rear,1,0,0
S0326,Engineer,Private_First_Class,6.9,6.5,Night,Snow,Frontline,0,1,1
S0327,Engineer,Corporal,6.0,5.7,On_Call,Cloudy,Frontline,0,0,0
S0328,Engineer,Sergeant,7.2,5.9,Day,Cloudy,Rear,0,1,0
S0329,Engineer,Corporal,3.8,10.5,On_Call,Snow,Rear,0,1,1
S0330,Artillery,Corporal,3.4,11.5,On_Call,Rain,GOP,0,0,0
S0331,Engineer,Sergeant,3.1,4.5,Day,Snow,Rear,1,0,0
S0332,Infantry,Private_First_Class,7.4,6.3,On_Call,Rain,Rear,1,0,0
S0333,Engineer,Private,7.9,7.0,On_Call,Rain,GOP,1,0,0
S0334,Artillery,Private_First_Class,7.2,10.2,On_Call,Cloudy,GOP,0,0,0
S0335,Engineer,Corporal,7.9,7.6,Day,Clear,GOP,1,0,0
S0336,Infantry,Sergeant,5.4,8.7,On_Call,Snow,Rear,1,0,0
S0337,Medic,Corporal,7.1,11.1,Day,Clear,Rear,0,1,1
S0338,Engineer,Corporal,6.2,10.3,On_Call,Clear,Frontline,1,0,0
S0339,Engineer,Sergeant,3.5,8.0,Night,Rain,Rear,1,1,0
S0340,Artillery,Private,7.5,11.1,Day,Clear,GOP,1,1,1
S0341,Engineer,Private,7.5,11.2,Night,Clear,Frontline,1,0,0
S0342,Artillery,Private_First_Class,3.1,7.1,Day,Clear,GOP,1,1,0
S0343,Infantry,Private_First_Class,5.8,6.2,Day,Cloudy,Frontline,0,0,0
S0344,Medic,Private,7.5,9.2,Night,Snow,Rear,1,0,0
S0345,Medic,Corporal,3.7,9.6,On_Call,Cloudy,Rear,0,0,0
S0346,Medic,Corporal,7.9,9.2,Day,Snow,GOP,1,0,0
S0347,Infantry,Sergeant,3.0,9.8,Night,Snow,Rear,1,1,1
S0348,Infantry,Corporal,4.2,10.4,Night,Cloudy,GOP,0,0,0
S0349,Artillery,Corporal,4.7,5.3,Day,Rain,Rear,1,1,1
S0350,Artillery,Corporal,3.1,5.1,Night,Snow,GOP,1,1,0
S0351,Engineer,Private_First_Class,6.6,8.6,Night,Cloudy,GOP,1,0,0
S0352,Medic,Corporal,7.5,6.8,Day,Rain,GOP,1,0,0
S0353,Medic,Corporal,5.1,9.9,Night,Clear,Rear,1,1,1
S0354,Medic,Corporal,4.2,4.8,On_Call,Clear,Rear,0,0,0
S0355,Medic,Private_First_Class,7.6,11.0,Day,Rain,GOP,1,0,0
S0356,Medic,Private_First_Class,5.5,8.7,On_Call,Cloudy,Frontline,1,1,1
S0357,Engineer,Corporal,5.4,6.8,Day,Snow,Frontline,0,0,0
S0358,Infantry,Private_First_Class,3.1,7.3,On_Call,Cloudy,GOP,0,0,0
S0359,Engineer,Corporal,6.0,6.5,Night,Snow,Frontline,1,0,0
S0360,Medic,Corporal,5.4,5.2,Night,Cloudy,Rear,1,0,0
S0361,Artillery,Sergeant,3.9,5.2,Night,Rain,Rear,1,1,1
S0362,Engineer,Private_First_Class,3.2,10.8,Day,Snow,GOP,1,1,1
S0363,Artillery,Corporal,4.3,9.3,Night,Clear,GOP,0,0,0
S0364,Medic,Sergeant,7.9,9.2,Night,Snow,GOP,1,0,0
S0365,Infantry,Corporal,3.0,11.8,Day,Snow,GOP,0,0,0
S0366,Artillery,Private_First_Class,3.0,10.5,Day,Snow,GOP,1,0,0
S0367,Medic,Private,6.1,6.4,On_Call,Clear,Frontline,1,0,0
S0368,Infantry,Private,3.6,9.7,Day,Cloudy,GOP,1,0,0
S0369,Medic,Private,7.5,6.7,Day,Snow,Rear,1,0,0
S0370,Engineer,Corporal,7.8,7.1,Day,Clear,Frontline,0,0,0
S0371,Artillery,Private,5.8,11.6,Night,Clear,Frontline,0,0,0
S0372,Artillery,Private_First_Class,3.5,4.8,Night,Snow,GOP,0,1,0
S0373,Engineer,Sergeant,3.8,5.4,Night,Clear,GOP,0,1,1
S0374,Infantry,Sergeant,3.2,4.9,Day,Snow,Rear,1,0,0
S0375,Infantry,Corporal,5.8,8.9,Night,Rain,Rear,1,0,0
S0376,Engineer,Corporal,5.4,4.0,Day,Cloudy,GOP,1,0,0
S0377,Infantry,Private_First_Class,3.8,7.0,Night,Snow,Frontline,0,1,0
S0378,Medic,Private_First_Class,6.3,6.0,Night,Clear,Rear,1,0,0
S0379,Engineer,Private,5.2,11.2,On_Call,Snow,Rear,0,1,1
S0380,Medic,Private_First_Class,5.8,9.4,Day,Rain,Rear,0,0,0
S0381,Engineer,Private_First_Class,4.8,7.7,Night,Clear,GOP,1,0,0
S0382,Artillery,Private,3.7,4.8,Night,Rain,Frontline,1,1,1
S0383,Artillery,Sergeant,4.4,7.6,Day,Clear,Frontline,1,0,0
S0384,Infantry,Private,3.6,10.5,Day,Cloudy,Rear,1,1,1
S0385,Artillery,Corporal,7.0,10.5,Day,Cloudy,GOP,0,0,0
S0386,Infantry,Corporal,6.1,5.7,Night,Rain,Frontline,0,0,0
S0387,Infantry,Private_First_Class,7.2,10.7,Night,Clear,GOP,1,0,0
S0388,Engineer,Private,6.0,4.3,Night,Snow,Rear,1,0,0
S0389,Medic,Private_First_Class,6.0,10.4,On_Call,Rain,Frontline,0,1,0
S0390,Infantry,Private_First_Class,4.1,11.1,Night,Clear,Frontline,0,0,0
S0391,Infantry,Private_First_Class,5.1,7.5,Day,Rain,Frontline,0,0,0
S0392,Artillery,Private_First_Class,5.4,9.2,On_Call,Rain,Rear,0,0,0
S0393,Medic,Sergeant,5.0,7.8,On_Call,Cloudy,Frontline,1,0,0
S0394,Infantry,Private_First_Class,6.8,8.4,Day,Snow,GOP,1,1,1
S0395,Engineer,Private,5.6,11.9,Night,Cloudy,Frontline,0,0,0
S0396,Engineer,Corporal,5.8,11.6,On_Call,Rain,GOP,0,0,0
S0397,Infantry,Sergeant,7.6,10.2,Night,Rain,Frontline,1,1,1
S0398,Medic,Private,6.3,4.5,Day,Clear,GOP,1,1,1
S0399,Engineer,Sergeant,6.1,10.3,Night,Cloudy,Rear,1,1,1
S0400,Infantry,Sergeant,4.9,7.6,On_Call,Snow,GOP,0,1,0
S0401,Infantry,Corporal,6.7,6.9,Day,Clear,GOP,1,1,0
S0402,Artillery,Corporal,5.6,4.5,On_Call,Cloudy,Rear,1,0,0
S0403,Medic,Corporal,3.4,5.0,Day,Clear,Frontline,1,1,0
S0404,Infantry,Private,7.2,11.7,Day,Snow,Frontline,1,0,0
S0405,Artillery,Corporal,4.3,7.6,Night,Clear,Rear,0,0,0
S0406,Infantry,Private_First_Class,3.0,8.1,On_Call,Rain,Rear,0,1,1
S0407,Infantry,Corporal,7.8,4.7,On_Call,Clear,GOP,1,1,1
S0408,Engineer,Sergeant,3.8,10.5,Night,Rain,Rear,1,1,1
S0409,Infantry,Private,5.0,9.0,Day,Rain,Frontline,0,1,0
S0410,Artillery,Private,6.7,4.4,Day,Rain,Rear,1,0,0
S0411,Infantry,Corporal,4.2,4.9,On_Call,Rain,Rear,1,0,0
S0412,Artillery,Corporal,5.2,9.6,On_Call,Clear,Frontline,0,1,1
S0413,Engineer,Private,4.2,10.6,Day,Clear,Frontline,1,1,1
S0414,Medic,Private,5.1,7.6,Night,Cloudy,GOP,1,0,0
S0415,Artillery,Sergeant,5.1,8.9,On_Call,Snow,Rear,0,0,0
S0416,Infantry,Private,3.6,8.4,Night,Rain,GOP,1,1,0
S0417,Medic,Private_First_Class,7.5,5.6,Night,Cloudy,Rear,0,0,0
S0418,Artillery,Corporal,7.9,4.8,Day,Clear,GOP,1,1,0
S0419,Medic,Sergeant,4.5,10.0,On_Call,Clear,Frontline,0,0,0
S0420,Infantry,Corporal,6.3,8.3,Night,Snow,GOP,0,0,0
S0421,Artillery,Private_First_Class,4.3,10.8,Night,Cloudy,GOP,0,0,0
S0422,Engineer,Corporal,6.6,4.2,On_Call,Cloudy,Frontline,1,0,0
S0423,Artillery,Sergeant,6.5,8.9,Night,Rain,GOP,0,1,1
S0424,Infantry,Private,3.9,8.2,Day,Snow,Rear,0,0,0
S0425,Engineer,Corporal,3.8,4.7,On_Call,Cloudy,Rear,1,1,0
S0426,Artillery,Corporal,3.4,5.9,Night,Rain,Frontline,0,0,0
S0427,Artillery,Sergeant,5.8,7.6,Day,Snow,Frontline,1,0,0
S0428,Engineer,Sergeant,4.1,11.5,On_Call,Clear,GOP,0,1,1
S0429,Engineer,Private_First_Class,7.6,11.2,Day,Cloudy,Rear,0,0,0
S0430,Medic,Private_First_Class,3.9,9.9,On_Call,Clear,Rear,0,1,1
S0431,Artillery,Sergeant,7.9,7.0,Night,Rain,GOP,0,1,1
S0432,Artillery,Private_First_Class,7.6,4.5,On_Call,Snow,GOP,1,0,0
S0433,Infantry,Corporal,6.6,11.4,On_Call,Snow,Frontline,1,0,0
S0434,Infantry,Sergeant,4.6,11.3,Night,Snow,Frontline,1,1,0
S0435,Engineer,Private,4.6,5.0,Day,Snow,Rear,0,1,0
S0436,Artillery,Sergeant,7.9,7.9,Night,Cloudy,Rear,0,0,0
S0437,Artillery,Corporal,4.2,10.9,Day,Cloudy,GOP,0,1,1
S0438,Medic,Sergeant,3.0,10.5,Day,Cloudy,Rear,1,0,0
S0439,Engineer,Corporal,7.1,11.5,On_Call,Cloudy,GOP,0,0,0
S0440,Medic,Corporal,3.2,10.5,Night,Rain,GOP,1,0,0
S0441,Infantry,Sergeant,4.7,4.2,Day,Cloudy,GOP,0,0,0
S0442,Artillery,Private_First_Class,5.3,6.1,Night,Rain,Frontline,0,1,1
S0443,Engineer,Private_First_Class,6.4,10.6,Night,Rain,Rear,0,1,1
S0444,Artillery,Corporal,4.0,9.8,Night,Clear,Rear,0,1,1
S0445,Infantry,Private,6.4,10.3,Night,Clear,Rear,0,1,1
S0446,Artillery,Private_First_Class,6.4,8.0,Night,Clear,GOP,0,1,1
S0447,Artillery,Corporal,3.4,8.0,Night,Rain,Frontline,1,1,0
S0448,Infantry,Private,4.1,5.5,Night,Rain,GOP,1,1,0
S0449,Infantry,Sergeant,5.8,8.7,Day,Cloudy,GOP,0,0,0
S0450,Infantry,Corporal,7.2,8.2,Night,Clear,Frontline,0,1,0
S0451,Engineer,Corporal,5.9,10.6,Night,Rain,Rear,1,1,0
S0452,Artillery,Corporal,3.8,9.1,Day,Clear,Rear,0,0,0
S0453,Medic,Corporal,4.9,6.7,On_Call,Cloudy,GOP,1,0,0
S0454,Engineer,Private_First_Class,5.3,7.5,Night,Clear,GOP,0,1,0
S0455,Artillery,Corporal,7.6,8.0,Day,Rain,Rear,0,0,0
S0456,Artillery,Private,4.6,8.9,Day,Rain,GOP,1,1,0
S0457,Medic,Private,4.3,10.6,On_Call,Clear,Rear,1,0,0
S0458,Medic,Private_First_Class,4.1,7.8,On_Call,Cloudy,GOP,0,0,0
S0459,Infantry,Corporal,4.9,9.3,On_Call,Cloudy,GOP,0,0,0
S0460,Medic,Corporal,6.6,9.2,On_Call,Rain,Rear,0,0,0
S0461,Infantry,Sergeant,5.0,6.7,Day,Cloudy,GOP,0,0,0
S0462,Infantry,Corporal,7.6,11.2,On_Call,Cloudy,Rear,0,0,0
S0463,Infantry,Private,6.9,9.7,On_Call,Snow,Rear,0,0,0
S0464,Medic,Corporal,4.8,7.2,Day,Snow,Frontline,1,0,0
S0465,Medic,Corporal,3.5,11.2,On_Call,Snow,GOP,0,1,1
S0466,Infantry,Private,3.7,5.1,Night,Snow,Frontline,0,1,0
S0467,Infantry,Corporal,6.8,6.6,Night,Cloudy,GOP,1,0,0
S0468,Artillery,Private,7.2,9.1,Night,Clear,GOP,0,1,1
S0469,Artillery,Corporal,7.5,7.1,On_Call,Rain,GOP,0,0,0
S0470,Medic,Sergeant,3.3,10.1,On_Call,Clear,Frontline,1,0,0
S0471,Artillery,Private,7.4,8.6,On_Call,Clear,Frontline,1,1,0
S0472,Engineer,Corporal,6.1,10.2,Night,Cloudy,Rear,0,1,1
S0473,Medic,Sergeant,6.5,11.3,Day,Snow,GOP,0,1,1
S0474,Infantry,Private_First_Class,3.0,11.8,On_Call,Clear,GOP,1,1,0
S0475,Engineer,Corporal,5.0,7.1,On_Call,Clear,Frontline,1,0,0
S0476,Infantry,Private_First_Class,3.9,10.3,Day,Cloudy,GOP,0,0,0
S0477,Artillery,Sergeant,6.2,11.9,Night,Cloudy,Rear,0,0,0
S0478,Infantry,Private_First_Class,4.6,10.6,Night,Clear,GOP,1,1,1
S0479,Artillery,Corporal,7.4,11.2,On_Call,Snow,GOP,1,0,0
S0480,Engineer,Corporal,5.6,7.6,On_Call,Rain,GOP,0,1,0
S0481,Engineer,Sergeant,4.0,11.3,Night,Clear,Frontline,0,1,1
S0482,Infantry,Corporal,6.2,11.2,Day,Rain,GOP,1,0,0
S0483,Medic,Private_First_Class,7.9,10.0,On_Call,Cloudy,Frontline,0,0,0
S0484,Artillery,Private_First_Class,3.4,10.5,Day,Cloudy,Frontline,0,1,0
S0485,Infantry,Sergeant,5.0,5.6,Day,Cloudy,GOP,1,0,0
S0486,Engineer,Private_First_Class,3.6,10.5,Day,Rain,GOP,1,0,0
S0487,Infantry,Corporal,6.8,10.6,Day,Snow,Frontline,0,0,0
S0488,Artillery,Sergeant,7.5,5.2,Day,Rain,Frontline,0,0,0
S0489,Infantry,Corporal,6.0,9.8,Day,Snow,Frontline,1,1,1
S0490,Artillery,Private_First_Class,3.6,10.8,On_Call,Cloudy,Rear,1,1,1
S0491,Medic,Corporal,6.5,11.3,Day,Rain,Rear,0,1,1
S0492,Engineer,Sergeant,3.6,10.4,Day,Snow,Frontline,1,1,0
S0493,Medic,Private,7.7,8.2,Day,Clear,Frontline,1,0,0
S0494,Engineer,Private_First_Class,6.5,7.1,On_Call,Cloudy,Frontline,0,0,0
S0495,Artillery,Corporal,4.4,8.1,On_Call,Cloudy,Rear,1,0,0
S0496,Artillery,Private,6.3,10.0,On_Call,Clear,GOP,1,0,0
S0497,Infantry,Corporal,3.5,7.7,On_Call,Cloudy,Frontline,0,1,0
S0498,Infantry,Private_First_Class,7.4,11.3,Night,Clear,GOP,0,0,0
S0499,Infantry,Corporal,3.2,8.1,On_Call,Rain,Frontline,0,1,0
S0500,Medic,Private_First_Class,6.5,4.7,Day,Clear,GOP,1,0,0
S0501,Artillery,Corporal,7.0,9.8,On_Call,Rain,Frontline,1,1,1
S0502,Medic,Sergeant,4.4,5.8,Day,Cloudy,Rear,1,0,0
S0503,Medic,Sergeant,7.0,8.1,Day,Snow,Rear,0,1,1
S0504,Infantry,Private,6.6,6.9,Night,Cloudy,Frontline,0,0,0
S0505,Engineer,Private,7.8,4.3,Night,Rain,Frontline,0,0,0
S0506,Artillery,Private,6.0,5.0,Day,Snow,GOP,0,0,0
S0507,Engineer,Corporal,5.8,8.2,Night,Snow,Rear,1,0,0
S0508,Infantry,Sergeant,3.4,9.9,Day,Cloudy,Rear,1,0,0
S0509,Medic,Sergeant,6.2,8.9,On_Call,Rain,GOP,0,0,0
S0510,Medic,Corporal,5.7,9.4,On_Call,Clear,Rear,0,0,0
S0511,Medic,Private_First_Class,6.2,4.7,Day,Cloudy,Rear,0,0,0
S0512,Infantry,Private_First_Class,6.2,4.6,On_Call,Snow,Rear,1,0,0
S0513,Medic,Sergeant,7.0,8.6,On_Call,Cloudy,Rear,0,0,0
S0514,Infantry,Private_First_Class,4.1,10.8,Day,Cloudy,Frontline,0,1,1
S0515,Artillery,Private_First_Class,5.4,11.6,Night,Clear,Frontline,0,0,0
S0516,Medic,Private_First_Class,5.1,5.3,Night,Clear,Frontline,0,1,0
S0517,Medic,Sergeant,7.6,5.3,On_Call,Rain,Rear,1,0,0
S0518,Medic,Corporal,5.1,4.8,Day,Clear,GOP,0,0,0
S0519,Engineer,Sergeant,6.5,10.8,Night,Cloudy,Frontline,1,1,0
S0520,Engineer,Private_First_Class,6.4,4.1,On_Call,Snow,GOP,0,0,0
S0521,Artillery,Private,5.1,7.2,Day,Rain,Frontline,1,1,1
S0522,Engineer,Private,5.5,5.7,On_Call,Snow,Rear,0,0,0
S0523,Infantry,Sergeant,5.1,7.2,Night,Clear,GOP,1,1,1
S0524,Medic,Private,4.8,6.1,Day,Clear,Frontline,1,0,0
S0525,Infantry,Corporal,5.3,10.4,Day,Snow,Rear,0,0,0
S0526,Artillery,Private_First_Class,4.8,11.4,Day,Rain,Rear,0,1,0
S0527,Infantry,Sergeant,3.6,5.0,Day,Rain,Rear,0,1,1
S0528,Engineer,Sergeant,6.6,8.1,Day,Clear,Rear,1,0,0
S0529,Artillery,Private,6.3,7.3,On_Call,Clear,Rear,0,0,0
S0530,Medic,Sergeant,6.2,4.9,Day,Rain,GOP,0,0,0
S0531,Medic,Private_First_Class,5.8,9.4,Day,Cloudy,Rear,0,0,0
S0532,Infantry,Private,6.3,11.5,Night,Clear,Frontline,0,0,0
S0533,Engineer,Sergeant,5.0,9.0,Day,Rain,Frontline,0,0,0
S0534,Engineer,Private,3.0,4.1,Night,Rain,Frontline,1,1,0
S0535,Infantry,Private,7.4,4.9,On_Call,Cloudy,Frontline,1,0,0
S0536,Infantry,Private,6.7,6.6,On_Call,Rain,Frontline,0,0,0
S0537,Medic,Corporal,6.0,11.6,Night,Rain,GOP,0,1,1
S0538,Engineer,Sergeant,4.9,7.2,Night,Snow,GOP,0,0,0
S0539,Medic,Sergeant,7.3,10.8,Day,Snow,Rear,1,1,0
S0540,Medic,Sergeant,7.8,4.5,Night,Rain,Rear,0,1,1
S0541,Engineer,Corporal,5.3,7.1,Night,Rain,Rear,1,0,0
S0542,Medic,Sergeant,3.9,6.8,Night,Rain,Frontline,1,0,0
S0543,Engineer,Private,5.7,10.4,Day,Snow,Frontline,1,1,1
S0544,Engineer,Sergeant,7.1,6.0,On_Call,Cloudy,Rear,1,1,0
S0545,Infantry,Private_First_Class,7.0,7.0,On_Call,Clear,Rear,0,0,0
S0546,Artillery,Private,4.3,9.5,On_Call,Snow,Rear,1,1,1
S0547,Medic,Private_First_Class,4.4,11.2,On_Call,Snow,GOP,1,0,0
S0548,Artillery,Sergeant,6.3,10.0,Night,Cloudy,Frontline,0,1,1
S0549,Medic,Sergeant,3.7,8.7,On_Call,Cloudy,Frontline,0,1,1
S0550,Infantry,Corporal,5.2,6.8,Night,Cloudy,Frontline,0,0,0
S0551,Infantry,Private_First_Class,5.1,9.8,On_Call,Snow,GOP,1,1,0
S0552,Medic,Private_First_Class,5.4,5.8,Day,Clear,Rear,1,1,1
S0553,Medic,Sergeant,5.4,9.5,Night,Cloudy,Rear,0,0,0
S0554,Artillery,Sergeant,3.2,5.1,On_Call,Clear,Rear,0,1,1
S0555,Artillery,Private,6.2,5.8,On_Call,Cloudy,GOP,1,1,0
S0556,Medic,Sergeant,7.2,9.0,Day,Cloudy,Rear,1,1,1
S0557,Artillery,Private_First_Class,4.3,7.2,Day,Rain,Frontline,1,0,0
S0558,Engineer,Private,3.1,8.1,Night,Cloudy,GOP,0,1,1
S0559,Medic,Corporal,6.9,4.2,Night,Clear,GOP,1,0,0
S0560,Medic,Corporal,6.2,4.7,Day,Snow,Frontline,0,0,0
S0561,Engineer,Corporal,6.4,8.9,Night,Clear,Frontline,0,1,1
S0562,Infantry,Private,7.2,4.1,On_Call,Clear,Rear,1,1,0
S0563,Artillery,Sergeant,3.1,8.0,On_Call,Snow,Frontline,0,0,0
S0564,Infantry,Private,7.0,7.8,On_Call,Clear,GOP,0,0,0
S0565,Engineer,Sergeant,4.4,4.9,Night,Clear,Frontline,1,1,1
S0566,Artillery,Private_First_Class,5.3,5.7,On_Call,Snow,Frontline,0,0,0
S0567,Artillery,Private_First_Class,5.7,12.0,Night,Clear,Rear,1,1,1
S0568,Medic,Private_First_Class,6.3,11.9,Day,Clear,Frontline,1,0,0
S0569,Engineer,Sergeant,7.5,8.1,Night,Rain,GOP,0,0,0
S0570,Medic,Private,3.7,9.3,Day,Clear,Frontline,0,0,0
S0571,Infantry,Corporal,6.9,5.0,Day,Clear,Frontline,0,0,0
S0572,Infantry,Private_First_Class,6.8,10.5,On_Call,Clear,GOP,1,1,0
S0573,Medic,Sergeant,7.6,7.9,Night,Snow,GOP,1,0,0
S0574,Medic,Private_First_Class,3.1,6.6,On_Call,Cloudy,GOP,1,1,1
S0575,Engineer,Private_First_Class,5.4,4.5,Day,Clear,Frontline,1,0,0
S0576,Medic,Private_First_Class,6.2,7.1,On_Call,Clear,GOP,0,0,0
S0577,Infantry,Private,3.2,10.9,Night,Clear,Rear,0,0,0
S0578,Medic,Private_First_Class,7.6,5.8,Night,Cloudy,Rear,1,0,0
S0579,Medic,Private_First_Class,3.6,11.0,On_Call,Cloudy,Frontline,0,1,0
S0580,Medic,Sergeant,6.4,8.5,Day,Clear,GOP,0,0,0
S0581,Medic,Corporal,7.4,8.9,Night,Snow,GOP,0,0,0
S0582,Engineer,Corporal,7.1,9.2,On_Call,Clear,Frontline,0,0,0
S0583,Engineer,Private_First_Class,5.9,4.6,Day,Clear,Frontline,0,0,0
S0584,Artillery,Sergeant,3.0,10.7,Night,Clear,Frontline,1,0,0
S0585,Artillery,Sergeant,4.5,9.6,On_Call,Rain,GOP,1,0,0
S0586,Infantry,Private,3.6,6.2,On_Call,Clear,Rear,0,0,0
S0587,Engineer,Corporal,5.7,5.4,Day,Snow,Rear,0,0,0
S0588,Infantry,Private_First_Class,6.4,9.7,Day,Snow,GOP,0,0,0
S0589,Artillery,Private_First_Class,4.9,7.6,Day,Rain,GOP,0,0,0
S0590,Artillery,Private,3.5,4.3,Day,Rain,Rear,0,0,0
S0591,Medic,Corporal,5.2,4.5,Day,Cloudy,Rear,1,0,0
S0592,Artillery,Private,8.0,4.6,On_Call,Rain,Rear,0,0,0
S0593,Medic,Private_First_Class,4.4,6.4,Day,Snow,Rear,1,0,0
S0594,Artillery,Corporal,6.3,10.2,Night,Cloudy,Rear,0,1,0
S0595,Medic,Private,7.2,11.2,Day,Snow,Rear,0,0,0
S0596,Infantry,Private,5.0,9.2,Night,Rain,GOP,0,0,0
S0597,Engineer,Corporal,3.7,10.5,Night,Rain,Rear,0,1,0
S0598,Infantry,Private,5.6,7.2,Day,Rain,Rear,1,0,0
S0599,Medic,Sergeant,5.9,5.2,Night,Rain,Frontline,0,0,0
S0600,Artillery,Private,7.8,10.4,On_Call,Cloudy,Rear,0,1,1
S0601,Engineer,Sergeant,3.2,8.4,Day,Clear,Frontline,0,1,0
S0602,Infantry,Corporal,3.3,4.3,Day,Clear,Rear,0,0,0
S0603,Artillery,Sergeant,4.2,11.5,On_Call,Cloudy,GOP,0,0,0
S0604,Infantry,Private_First_Class,3.6,10.7,Day,Clear,GOP,1,0,0
S0605,Artillery,Corporal,5.3,9.3,Day,Clear,GOP,1,0,0
S0606,Medic,Sergeant,8.0,8.8,Night,Clear,GOP,1,0,0
S0607,Engineer,Corporal,4.9,4.6,Night,Cloudy,GOP,1,0,0
S0608,Infantry,Private,7.3,7.6,On_Call,Snow,Frontline,1,0,0
S0609,Engineer,Sergeant,4.5,11.9,Day,Snow,Rear,0,0,0
S0610,Artillery,Private_First_Class,7.3,5.8,Day,Rain,GOP,1,1,1
S0611,Infantry,Private_First_Class,3.3,10.6,Day,Cloudy,Rear,0,0,0
S0612,Infantry,Sergeant,3.2,4.8,On_Call,Cloudy,Rear,1,0,0
S0613,Infantry,Private,7.4,5.0,Night,Rain,Frontline,1,0,0
S0614,Artillery,Corporal,4.7,8.9,Night,Snow,Frontline,0,1,1
S0615,Engineer,Sergeant,3.4,10.8,Day,Rain,Rear,1,1,0
S0616,Engineer,Private,3.8,10.8,On_Call,Snow,Rear,0,1,0
S0617,Engineer,Corporal,3.6,6.4,Night,Rain,Frontline,0,0,0
S0618,Medic,Private,6.9,11.5,Night,Snow,Rear,0,0,0
S0619,Engineer,Corporal,5.7,6.2,Day,Snow,Frontline,0,0,0
S0620,Engineer,Private_First_Class,6.8,11.0,Day,Rain,GOP,1,1,1
S0621,Engineer,Corporal,7.2,6.7,On_Call,Snow,Rear,0,0,0
S0622,Medic,Private,5.7,11.4,On_Call,Rain,GOP,1,0,0
S0623,Artillery,Private_First_Class,6.3,11.1,On_Call,Cloudy,GOP,0,0,0
S0624,Artillery,Sergeant,4.9,5.4,Night,Rain,GOP,0,1,1
S0625,Infantry,Private_First_Class,7.7,7.0,Day,Cloudy,Frontline,0,1,1
S0626,Engineer,Private,6.9,8.2,Day,Snow,GOP,0,0,0
S0627,Medic,Private,6.7,5.6,Night,Rain,GOP,1,1,0
S0628,Medic,Private,7.6,10.3,On_Call,Clear,Rear,0,0,0
S0629,Artillery,Sergeant,7.3,6.7,Day,Cloudy,Rear,0,0,0
S0630,Engineer,Private,7.7,7.0,Day,Snow,Rear,0,0,0
S0631,Medic,Corporal,3.4,7.4,Day,Cloudy,Frontline,1,1,0
S0632,Engineer,Private_First_Class,6.0,5.8,Day,Clear,Frontline,0,1,0
S0633,Engineer,Private_First_Class,3.3,5.6,On_Call,Clear,GOP,1,1,0
S0634,Artillery,Private_First_Class,6.7,10.5,On_Call,Clear,Rear,0,0,0
S0635,Artillery,Sergeant,4.4,11.8,On_Call,Rain,Frontline,1,0,0
S0636,Engineer,Sergeant,3.7,5.1,On_Call,Cloudy,GOP,0,1,0
S0637,Infantry,Sergeant,6.9,5.0,Day,Cloudy,Frontline,1,0,0
S0638,Infantry,Private_First_Class,7.5,7.3,On_Call,Rain,Rear,1,1,1
S0639,Medic,Private,3.9,10.2,On_Call,Snow,GOP,0,0,0
S0640,Medic,Sergeant,4.5,5.3,Night,Clear,GOP,0,0,0
S0641,Artillery,Corporal,5.9,9.3,On_Call,Rain,Frontline,1,1,0
S0642,Infantry,Private_First_Class,5.9,5.0,On_Call,Clear,Frontline,0,0,0
S0643,Infantry,Private,3.4,10.2,Night,Cloudy,Rear,0,1,1
S0644,Artillery,Sergeant,6.6,8.7,Night,Cloudy,GOP,0,1,0
S0645,Infantry,Private_First_Class,4.1,9.6,Day,Snow,GOP,1,1,1
S0646,Engineer,Private,4.5,8.3,Day,Rain,GOP,0,0,0
S0647,Infantry,Private_First_Class,5.1,11.6,Day,Clear,Frontline,0,0,0
S0648,Medic,Sergeant,7.2,9.2,On_Call,Clear,GOP,1,0,0
S0649,Engineer,Private_First_Class,6.8,11.1,Day,Clear,GOP,0,0,0
S0650,Medic,Sergeant,3.1,6.4,On_Call,Clear,Rear,0,0,0
S0651,Artillery,Private,5.7,8.4,Night,Snow,GOP,1,0,0
S0652,Medic,Sergeant,7.1,6.2,Day,Snow,Frontline,1,0,0
S0653,Infantry,Private,3.8,10.0,Day,Clear,Frontline,1,1,1
S0654,Artillery,Private,7.9,11.2,On_Call,Snow,GOP,0,0,0
S0655,Medic,Sergeant,6.7,8.9,Day,Cloudy,GOP,1,1,0
S0656,Engineer,Sergeant,7.9,9.7,Day,Rain,GOP,0,0,0
S0657,Medic,Sergeant,7.1,8.1,Day,Clear,Frontline,1,0,0
S0658,Artillery,Private,4.8,6.1,Day,Cloudy,Frontline,0,0,0
S0659,Artillery,Sergeant,3.5,4.8,Day,Clear,Rear,0,1,0
S0660,Artillery,Corporal,4.4,4.9,Day,Cloudy,GOP,0,1,1
S0661,Artillery,Corporal,5.9,7.1,On_Call,Clear,GOP,1,1,1
S0662,Medic,Corporal,5.7,9.6,Night,Cloudy,Rear,0,0,0
S0663,Artillery,Private_First_Class,4.7,12.0,Day,Rain,GOP,0,1,0
S0664,Medic,Private,7.9,4.1,Night,Rain,Rear,0,1,0
S0665,Medic,Private_First_Class,4.3,4.1,On_Call,Snow,GOP,1,1,1
S0666,Artillery,Corporal,3.3,6.2,Day,Cloudy,Rear,0,1,0
S0667,Artillery,Corporal,6.9,4.1,On_Call,Snow,Frontline,0,0,0
S0668,Medic,Private,7.3,7.6,Night,Rain,Rear,0,0,0
S0669,Infantry,Sergeant,5.9,6.4,On_Call,Clear,Rear,1,0,0
S0670,Medic,Sergeant,6.2,6.5,Day,Snow,GOP,1,0,0
S0671,Engineer,Private,4.1,8.5,Day,Clear,Frontline,1,1,0
S0672,Infantry,Corporal,6.2,5.3,Night,Cloudy,GOP,1,0,0
S0673,Infantry,Corporal,6.7,6.3,Night,Clear,Frontline,1,0,0
S0674,Infantry,Private,5.0,5.0,Day,Rain,Rear,1,0,0
S0675,Medic,Sergeant,7.2,9.6,Day,Cloudy,Rear,1,1,0
S0676,Artillery,Sergeant,5.7,4.5,Night,Clear,GOP,1,1,1
S0677,Artillery,Private_First_Class,5.4,6.9,Day,Clear,GOP,0,0,0
S0678,Engineer,Private,7.5,7.6,Night,Cloudy,Frontline,0,0,0
S0679,Engineer,Private,3.3,11.3,Day,Rain,GOP,0,1,1
S0680,Engineer,Sergeant,7.5,6.5,Day,Clear,GOP,1,1,1
S0681,Medic,Private_First_Class,4.1,5.7,Night,Clear,Rear,1,1,1
S0682,Artillery,Private_First_Class,7.8,10.6,Night,Clear,Rear,1,0,0
S0683,Medic,Private_First_Class,5.8,4.1,Day,Snow,Rear,1,0,0
S0684,Engineer,Sergeant,4.9,5.8,Day,Clear,GOP,0,1,1
S0685,Infantry,Private_First_Class,3.9,11.5,On_Call,Clear,Frontline,0,0,0
S0686,Engineer,Sergeant,5.0,6.0,Day,Cloudy,GOP,1,0,0
S0687,Infantry,Private,4.6,6.7,Night,Cloudy,GOP,1,0,0
S0688,Artillery,Private,7.3,4.8,Day,Cloudy,Frontline,1,0,0
S0689,Engineer,Sergeant,6.1,4.3,Night,Clear,Frontline,1,0,0
S0690,Artillery,Private_First_Class,5.8,9.1,Day,Clear,Frontline,1,1,1
S0691,Infantry,Corporal,6.2,10.8,On_Call,Cloudy,Frontline,0,0,0
S0692,Infantry,Corporal,7.4,8.5,Night,Clear,GOP,0,0,0
S0693,Infantry,Sergeant,5.4,7.5,Day,Cloudy,Frontline,0,0,0
S0694,Medic,Sergeant,5.0,4.2,Day,Clear,Frontline,1,1,0
S0695,Medic,Private,6.0,9.3,Night,Clear,Frontline,1,0,0
S0696,Infantry,Private,6.3,8.1,Night,Clear,Rear,1,1,0
S0697,Artillery,Sergeant,6.1,9.7,On_Call,Cloudy,GOP,0,1,1
S0698,Medic,Sergeant,7.7,8.7,Day,Snow,Frontline,1,0,0
S0699,Infantry,Sergeant,7.3,6.1,Day,Rain,Frontline,0,0,0
S0700,Infantry,Private_First_Class,3.2,6.8,On_Call,Snow,GOP,0,1,1
S0701,Engineer,Private,5.6,5.3,Day,Cloudy,GOP,1,1,1
S0702,Infantry,Private_First_Class,4.6,9.8,Day,Clear,Frontline,1,0,0
S0703,Engineer,Sergeant,3.7,4.4,On_Call,Cloudy,Frontline,1,1,1
S0704,Medic,Private,4.1,9.4,Night,Cloudy,GOP,0,1,0
S0705,Artillery,Corporal,7.7,8.8,Night,Snow,GOP,0,1,1
S0706,Engineer,Private,3.9,4.0,Night,Clear,Rear,0,0,0
S0707,Medic,Private,4.8,4.8,On_Call,Clear,Frontline,1,0,0
S0708,Infantry,Private,7.5,4.7,On_Call,Snow,GOP,1,1,1
S0709,Medic,Private,5.0,10.7,Night,Cloudy,GOP,1,1,1
S0710,Medic,Corporal,5.6,5.0,On_Call,Snow,GOP,1,0,0
S0711,Infantry,Private_First_Class,4.6,4.7,Night,Rain,Frontline,0,1,1
S0712,Artillery,Corporal,3.5,11.3,On_Call,Cloudy,Rear,0,1,0
S0713,Medic,Private,7.4,10.8,On_Call,Snow,Frontline,1,1,1
S0714,Medic,Sergeant,3.5,6.5,On_Call,Clear,Frontline,0,0,0
S0715,Engineer,Corporal,5.1,5.6,Night,Clear,Rear,1,0,0
S0716,Infantry,Corporal,6.8,4.6,On_Call,Snow,GOP,0,0,0
S0717,Engineer,Sergeant,6.2,6.5,On_Call,Cloudy,Rear,0,0,0
S0718,Engineer,Sergeant,6.9,6.3,Day,Rain,GOP,1,0,0
S0719,Infantry,Private,7.4,8.3,Night,Cloudy,Rear,0,1,0
S0720,Infantry,Corporal,4.4,8.0,On_Call,Snow,GOP,0,1,0
S0721,Engineer,Private_First_Class,5.6,9.0,Day,Snow,Rear,0,0,0
S0722,Medic,Sergeant,3.4,8.1,Night,Snow,Rear,1,0,0
S0723,Artillery,Corporal,3.1,4.5,Night,Clear,GOP,0,0,0
S0724,Artillery,Private_First_Class,3.2,7.3,On_Call,Snow,Frontline,1,0,0
S0725,Engineer,Corporal,7.0,11.4,Night,Rain,Frontline,0,0,0
S0726,Infantry,Private_First_Class,5.8,8.2,Night,Rain,Rear,1,0,0
S0727,Infantry,Corporal,5.6,8.6,Night,Rain,Rear,0,0,0
S0728,Artillery,Corporal,5.4,11.8,On_Call,Cloudy,Rear,0,0,0
S0729,Engineer,Sergeant,6.5,8.1,Night,Rain,GOP,0,0,0
S0730,Engineer,Corporal,6.3,7.6,Night,Snow,Rear,1,1,1
S0731,Artillery,Sergeant,6.7,10.4,Day,Snow,Rear,0,1,0
S0732,Artillery,Corporal,4.2,5.7,On_Call,Clear,GOP,1,1,1
S0733,Infantry,Private,7.3,7.8,Day,Clear,Frontline,0,0,0
S0734,Artillery,Sergeant,5.1,4.1,Night,Snow,Rear,1,0,0
S0735,Artillery,Private,6.3,7.4,On_Call,Clear,GOP,1,1,1
S0736,Artillery,Sergeant,6.6,9.8,Night,Clear,Frontline,1,0,0
S0737,Infantry,Private_First_Class,4.7,11.5,Day,Cloudy,GOP,1,1,1
S0738,Medic,Private_First_Class,5.9,4.5,On_Call,Rain,Frontline,0,0,0
S0739,Engineer,Sergeant,6.7,6.8,Night,Snow,GOP,1,1,0
S0740,Artillery,Private_First_Class,5.1,7.1,Day,Cloudy,GOP,0,0,0
S0741,Infantry,Private_First_Class,6.0,5.4,On_Call,Snow,GOP,1,1,1
S0742,Artillery,Private_First_Class,6.6,9.0,On_Call,Clear,GOP,0,0,0
S0743,Artillery,Private,6.8,9.2,On_Call,Cloudy,GOP,1,0,0
S0744,Engineer,Corporal,6.7,4.3,Night,Cloudy,Frontline,1,0,0
S0745,Infantry,Sergeant,3.8,6.3,On_Call,Cloudy,Rear,1,0,0
S0746,Artillery,Sergeant,4.0,4.1,Night,Snow,Rear,0,1,1
S0747,Artillery,Corporal,6.5,6.4,Night,Cloudy,GOP,0,0,0
S0748,Artillery,Private,3.9,11.5,On_Call,Snow,GOP,0,0,0
S0749,Engineer,Corporal,7.6,7.4,Day,Clear,Rear,1,0,0
S0750,Medic,Corporal,4.8,6.9,Night,Clear,Frontline,1,0,0
S0751,Infantry,Corporal,7.3,8.5,Night,Cloudy,GOP,0,0,0
S0752,Infantry,Corporal,7.1,4.2,On_Call,Rain,Rear,0,0,0
S0753,Engineer,Private,5.8,5.2,Day,Cloudy,GOP,1,0,0
S0754,Artillery,Corporal,3.1,11.2,On_Call,Rain,Rear,0,1,0
S0755,Medic,Private_First_Class,5.2,5.2,Night,Rain,GOP,1,1,0
S0756,Medic,Private,4.9,7.0,Night,Clear,Frontline,1,0,0
S0757,Infantry,Sergeant,5.4,6.0,Day,Rain,GOP,0,0,0
S0758,Artillery,Sergeant,6.7,6.8,On_Call,Snow,GOP,0,0,0
S0759,Medic,Private,3.8,8.4,Night,Snow,GOP,1,1,1
S0760,Artillery,Private_First_Class,7.2,4.1,On_Call,Clear,GOP,0,0,0
S0761,Artillery,Corporal,7.3,10.0,On_Call,Cloudy,Rear,1,0,0
S0762,Artillery,Private_First_Class,7.9,11.6,Day,Cloudy,Frontline,1,0,0
S0763,Artillery,Sergeant,5.2,8.1,Night,Rain,Rear,1,1,1
S0764,Medic,Sergeant,4.4,4.7,Night,Rain,Rear,0,1,1
S0765,Infantry,Private,5.6,6.7,Night,Rain,Rear,0,0,0
S0766,Engineer,Private_First_Class,3.2,4.7,Day,Snow,Frontline,0,1,0
S0767,Engineer,Private_First_Class,7.9,11.2,Night,Rain,Rear,1,0,0
S0768,Engineer,Corporal,7.4,10.5,Day,Snow,Rear,1,1,0
S0769,Infantry,Private,6.9,8.4,Night,Cloudy,GOP,1,0,0
S0770,Medic,Private_First_Class,7.1,7.6,Night,Rain,Frontline,0,0,0
S0771,Medic,Corporal,6.9,10.4,On_Call,Clear,GOP,0,1,1
S0772,Artillery,Sergeant,5.9,8.9,Night,Rain,Frontline,0,0,0
S0773,Engineer,Corporal,6.5,6.7,Night,Cloudy,GOP,0,0,0
S0774,Medic,Private_First_Class,7.6,8.2,Day,Cloudy,Frontline,1,1,0
S0775,Engineer,Sergeant,3.8,11.8,Night,Clear,GOP,0,1,1
S0776,Medic,Private_First_Class,6.4,8.6,Night,Clear,Rear,1,1,1
S0777,Infantry,Corporal,3.3,6.9,Night,Rain,Frontline,0,1,0
S0778,Artillery,Private_First_Class,7.2,7.7,Day,Rain,Rear,1,1,0
S0779,Engineer,Private,7.9,6.3,Day,Snow,GOP,0,0,0
S0780,Artillery,Private,3.3,6.1,Night,Cloudy,Rear,0,1,0
S0781,Artillery,Private_First_Class,6.5,4.0,On_Call,Snow,GOP,1,0,0
S0782,Engineer,Corporal,3.6,10.3,On_Call,Cloudy,GOP,0,0,0
S0783,Artillery,Private_First_Class,3.3,10.5,Day,Snow,Rear,0,1,0
S0784,Infantry,Private_First_Class,7.1,8.9,Night,Cloudy,Rear,0,0,0
S0785,Infantry,Private_First_Class,6.3,11.8,Day,Snow,GOP,0,1,1
S0786,Engineer,Private_First_Class,7.5,10.5,On_Call,Cloudy,Frontline,0,0,0
S0787,Artillery,Private_First_Class,3.8,7.7,On_Call,Clear,GOP,0,1,0
S0788,Infantry,Sergeant,7.4,11.5,Day,Clear,Rear,0,0,0
S0789,Engineer,Private_First_Class,4.2,9.6,Day,Cloudy,GOP,0,1,0
S0790,Infantry,Corporal,5.6,8.5,Night,Rain,Rear,0,1,1
S0791,Engineer,Sergeant,4.4,5.2,On_Call,Rain,GOP,1,1,1
S0792,Artillery,Corporal,6.4,5.4,On_Call,Rain,Frontline,0,0,0
S0793,Infantry,Sergeant,6.8,5.1,Night,Cloudy,Rear,0,1,1
S0794,Artillery,Private,6.3,6.0,Day,Snow,Rear,0,0,0
S0795,Engineer,Sergeant,4.2,5.6,Night,Cloudy,Rear,1,1,0
S0796,Artillery,Corporal,7.2,8.6,Day,Cloudy,Rear,1,1,1
S0797,Medic,Private_First_Class,7.5,4.5,Day,Clear,Rear,0,0,0
S0798,Engineer,Corporal,7.4,11.4,On_Call,Snow,Frontline,1,0,0
S0799,Engineer,Sergeant,4.0,8.3,On_Call,Cloudy,Frontline,1,1,1
S0800,Medic,Private,5.4,5.6,Night,Clear,GOP,0,1,1
S0801,Medic,Sergeant,5.4,9.2,Day,Cloudy,GOP,1,1,0
S0802,Medic,Private_First_Class,3.8,4.7,On_Call,Cloudy,GOP,0,0,0
S0803,Infantry,Private,7.5,9.0,Day,Cloudy,GOP,0,1,0
S0804,Infantry,Sergeant,7.7,6.9,Day,Clear,Frontline,0,0,0
S0805,Medic,Private_First_Class,6.0,5.0,On_Call,Cloudy,Frontline,1,1,0
S0806,Artillery,Private_First_Class,4.7,6.5,On_Call,Snow,Frontline,1,1,1
S0807,Medic,Private_First_Class,6.7,5.7,Night,Cloudy,Rear,1,0,0
S0808,Artillery,Sergeant,5.7,5.1,Night,Cloudy,GOP,1,0,0
S0809,Artillery,Sergeant,3.4,7.3,On_Call,Rain,GOP,1,1,0
S0810,Engineer,Private_First_Class,5.4,8.7,On_Call,Cloudy,GOP,0,1,0
S0811,Artillery,Private_First_Class,3.1,11.0,On_Call,Clear,Rear,1,0,0
S0812,Infantry,Sergeant,7.1,9.2,On_Call,Clear,GOP,1,1,0
S0813,Engineer,Sergeant,3.4,4.9,Night,Cloudy,GOP,1,1,1
S0814,Engineer,Private,6.9,11.4,Night,Cloudy,GOP,0,0,0
S0815,Artillery,Private,4.3,6.5,Day,Clear,Rear,1,0,0
S0816,Engineer,Sergeant,4.8,5.6,On_Call,Rain,Frontline,1,0,0
S0817,Engineer,Corporal,6.3,7.5,On_Call,Clear,GOP,0,0,0
S0818,Medic,Private_First_Class,3.3,8.8,Day,Snow,Frontline,0,0,0
S0819,Medic,Sergeant,6.9,5.1,Day,Rain,Rear,0,0,0
S0820,Infantry,Sergeant,4.1,5.4,Night,Cloudy,Rear,1,0,0
S0821,Medic,Sergeant,5.9,7.8,On_Call,Snow,Frontline,0,0,0
S0822,Artillery,Corporal,4.1,10.5,Night,Rain,Frontline,1,1,0
S0823,Engineer,Private_First_Class,3.8,5.9,Night,Clear,Rear,1,1,1
S0824,Engineer,Corporal,4.4,10.9,Day,Snow,Rear,1,1,1
S0825,Engineer,Sergeant,3.8,10.5,On_Call,Cloudy,Frontline,1,1,0
S0826,Infantry,Sergeant,5.4,10.7,Day,Clear,Rear,1,0,0
S0827,Artillery,Private_First_Class,4.1,9.6,Day,Cloudy,GOP,0,1,0
S0828,Medic,Corporal,5.5,10.0,On_Call,Cloudy,Rear,0,0,0
S0829,Infantry,Corporal,4.5,9.7,Day,Cloudy,Rear,0,0,0
S0830,Artillery,Private,4.0,9.8,Day,Rain,Rear,0,1,1
S0831,Artillery,Corporal,6.0,8.6,Day,Clear,Frontline,0,0,0
S0832,Engineer,Private,7.3,11.5,On_Call,Clear,Rear,0,1,0
S0833,Artillery,Sergeant,6.9,4.1,On_Call,Rain,GOP,0,0,0
S0834,Engineer,Corporal,5.2,5.3,On_Call,Rain,Frontline,1,0,0
S0835,Medic,Corporal,5.7,9.3,Day,Clear,Frontline,0,0,0
S0836,Engineer,Private_First_Class,7.0,5.8,Night,Snow,Rear,1,0,0
S0837,Infantry,Private,5.2,7.7,Night,Cloudy,Frontline,0,0,0
S0838,Artillery,Sergeant,6.9,10.2,Night,Cloudy,GOP,1,1,1
S0839,Engineer,Private_First_Class,6.3,5.7,Day,Clear,GOP,1,0,0
S0840,Infantry,Private,4.2,11.5,On_Call,Cloudy,Rear,1,1,1
S0841,Artillery,Private_First_Class,3.1,7.0,Day,Clear,Frontline,0,0,0
S0842,Infantry,Private,7.1,9.0,Night,Clear,Frontline,1,1,1
S0843,Infantry,Private,3.1,7.5,On_Call,Cloudy,Frontline,0,0,0
S0844,Engineer,Sergeant,4.0,7.1,On_Call,Cloudy,Rear,0,1,0
S0845,Infantry,Corporal,3.5,11.1,Day,Cloudy,Rear,1,1,1
S0846,Infantry,Sergeant,5.1,9.0,Night,Clear,Rear,1,1,1
S0847,Engineer,Sergeant,3.2,10.5,On_Call,Cloudy,GOP,1,1,1
S0848,Infantry,Corporal,3.6,11.9,Day,Cloudy,Frontline,1,1,1
S0849,Medic,Private,5.9,11.6,On_Call,Clear,Frontline,1,0,0
S0850,Medic,Private_First_Class,4.7,5.9,Night,Clear,Rear,1,0,0
S0851,Infantry,Private_First_Class,3.4,5.4,Night,Snow,GOP,1,0,0
S0852,Medic,Sergeant,7.6,6.7,Night,Cloudy,Frontline,1,0,0
S0853,Infantry,Private_First_Class,6.2,8.8,Day,Rain,Rear,1,1,0
S0854,Engineer,Private_First_Class,6.1,7.9,Night,Cloudy,Frontline,1,0,0
S0855,Artillery,Corporal,6.6,7.3,Day,Cloudy,Rear,1,0,0
S0856,Infantry,Sergeant,4.5,4.0,Night,Clear,Frontline,0,1,0
S0857,Medic,Private_First_Class,7.3,11.5,Day,Rain,GOP,0,0,0
S0858,Engineer,Sergeant,6.5,7.9,Day,Snow,Frontline,1,1,1
S0859,Infantry,Sergeant,3.6,5.6,Day,Snow,Rear,1,1,0
S0860,Medic,Corporal,7.5,6.3,Night,Rain,GOP,1,0,0
S0861,Engineer,Sergeant,5.9,6.3,Day,Rain,Rear,1,0,0
S0862,Medic,Private,7.2,8.6,Day,Cloudy,GOP,1,0,0
S0863,Infantry,Private_First_Class,4.3,8.9,Night,Cloudy,Frontline,0,1,0
S0864,Infantry,Sergeant,7.4,8.4,Night,Clear,Rear,1,1,1
S0865,Artillery,Sergeant,7.3,9.0,On_Call,Snow,Frontline,0,0,0
S0866,Artillery,Sergeant,4.0,10.3,Night,Rain,GOP,0,0,0
S0867,Infantry,Private,3.3,10.0,Night,Clear,GOP,1,1,0
S0868,Infantry,Private_First_Class,5.4,5.2,On_Call,Snow,GOP,0,1,1
S0869,Engineer,Private,6.8,6.2,Day,Snow,Rear,1,0,0
S0870,Medic,Corporal,6.2,5.2,Day,Cloudy,GOP,0,0,0
S0871,Medic,Corporal,6.6,9.4,Night,Clear,Rear,0,1,0
S0872,Artillery,Private,5.6,4.4,Night,Rain,Frontline,1,0,0
S0873,Infantry,Sergeant,4.0,9.0,Night,Snow,GOP,1,0,0
S0874,Artillery,Private,4.3,8.8,On_Call,Clear,Frontline,0,1,0
S0875,Infantry,Corporal,5.4,9.6,On_Call,Clear,Frontline,1,0,0
S0876,Medic,Private_First_Class,6.0,10.5,On_Call,Clear,GOP,0,1,1
S0877,Medic,Corporal,5.5,10.5,On_Call,Clear,Rear,1,1,1
S0878,Engineer,Private,5.2,10.6,On_Call,Rain,GOP,0,0,0
S0879,Infantry,Sergeant,7.9,11.8,Day,Rain,Frontline,0,1,1
S0880,Infantry,Private,3.1,7.2,On_Call,Snow,GOP,1,1,1
S0881,Artillery,Private_First_Class,6.9,9.3,Day,Snow,Frontline,0,0,0
S0882,Medic,Corporal,3.9,4.3,Night,Cloudy,Frontline,0,0,0
S0883,Engineer,Corporal,7.1,10.0,Night,Snow,Frontline,1,0,0
S0884,Artillery,Private_First_Class,5.7,10.9,Day,Cloudy,GOP,1,1,0
S0885,Engineer,Private_First_Class,4.2,5.5,On_Call,Cloudy,GOP,0,0,0
S0886,Medic,Private_First_Class,4.4,7.7,Day,Snow,Frontline,1,0,0
S0887,Engineer,Sergeant,7.0,7.2,On_Call,Cloudy,Rear,1,1,0
S0888,Infantry,Sergeant,5.4,10.3,Night,Clear,Rear,1,1,1
S0889,Engineer,Sergeant,5.1,5.9,On_Call,Clear,GOP,1,0,0
S0890,Artillery,Private_First_Class,7.6,9.6,Day,Clear,Frontline,1,0,0
S0891,Infantry,Sergeant,4.9,6.6,Night,Rain,Frontline,0,1,1
S0892,Engineer,Private_First_Class,3.9,9.0,On_Call,Snow,GOP,1,0,0
S0893,Artillery,Sergeant,5.1,8.2,On_Call,Snow,GOP,0,0,0
S0894,Infantry,Private,3.4,10.8,Day,Snow,Frontline,0,0,0
S0895,Artillery,Private,5.9,5.6,Night,Clear,GOP,1,1,1
S0896,Medic,Sergeant,6.8,10.9,On_Call,Snow,Frontline,0,1,0
S0897,Engineer,Corporal,5.7,6.2,On_Call,Clear,GOP,0,0,0
S0898,Medic,Corporal,4.9,5.3,On_Call,Cloudy,Frontline,0,0,0
S0899,Engineer,Private_First_Class,7.9,6.9,Day,Rain,Rear,1,0,0
S0900,Engineer,Corporal,4.9,10.7,On_Call,Cloudy,GOP,0,0,0
S0901,Artillery,Corporal,7.2,6.7,Day,Cloudy,Frontline,0,0,0
S0902,Artillery,Private_First_Class,5.1,6.6,Day,Rain,Frontline,1,0,0
S0903,Medic,Private,4.8,11.7,On_Call,Clear,Rear,1,1,1
S0904,Engineer,Private,4.8,5.7,On_Call,Cloudy,GOP,0,0,0
S0905,Engineer,Corporal,3.9,4.2,Day,Snow,Rear,1,0,0
S0906,Medic,Corporal,5.6,9.8,Day,Cloudy,Rear,0,1,1
S0907,Infantry,Sergeant,4.8,8.8,Night,Clear,Rear,0,1,1
S0908,Medic,Private_First_Class,7.6,8.8,Night,Clear,GOP,1,1,1
S0909,Engineer,Private,7.3,9.7,Night,Cloudy,Rear,0,1,1
S0910,Engineer,Private_First_Class,4.5,12.0,Night,Rain,Rear,0,1,0
S0911,Medic,Private_First_Class,5.1,10.5,Day,Rain,Frontline,0,0,0
S0912,Infantry,Corporal,6.4,10.9,On_Call,Cloudy,Rear,1,0,0
S0913,Medic,Sergeant,6.4,10.0,On_Call,Rain,GOP,1,1,1
S0914,Medic,Sergeant,3.5,5.9,Night,Cloudy,Rear,1,0,0
S0915,Medic,Private,3.3,9.5,Night,Rain,Rear,0,1,0
S0916,Engineer,Private,6.6,11.8,Night,Rain,GOP,0,0,0
S0917,Medic,Sergeant,3.9,5.7,On_Call,Cloudy,GOP,1,0,0
S0918,Infantry,Private,4.7,8.7,Day,Snow,GOP,0,0,0
S0919,Medic,Sergeant,3.1,8.6,On_Call,Rain,Rear,0,1,0
S0920,Medic,Corporal,6.5,7.9,On_Call,Snow,Rear,0,0,0
S0921,Engineer,Sergeant,4.6,11.7,Night,Snow,Rear,0,1,0
S0922,Medic,Private,3.9,7.2,Day,Rain,GOP,0,1,0
S0923,Infantry,Sergeant,3.2,9.3,Day,Snow,Rear,0,1,0
S0924,Medic,Private_First_Class,4.8,7.3,Day,Snow,Frontline,1,1,1
S0925,Infantry,Corporal,4.2,4.4,Day,Clear,Rear,0,0,0
S0926,Engineer,Private,6.6,9.4,Day,Clear,Frontline,1,1,1
S0927,Engineer,Private,5.8,10.8,Night,Clear,Frontline,1,1,0
S0928,Engineer,Corporal,6.9,5.3,Day,Snow,GOP,0,0,0
S0929,Artillery,Private,6.6,4.4,Night,Snow,Rear,1,1,0
S0930,Medic,Private_First_Class,6.1,9.4,On_Call,Rain,Rear,1,1,0
S0931,Medic,Corporal,6.3,10.5,On_Call,Snow,Rear,0,0,0
S0932,Infantry,Sergeant,6.0,4.3,Day,Rain,GOP,1,0,0
S0933,Engineer,Private,4.4,8.9,On_Call,Cloudy,Rear,0,0,0
S0934,Engineer,Sergeant,4.0,8.4,On_Call,Cloudy,GOP,0,0,0
S0935,Artillery,Private_First_Class,3.4,8.8,Day,Clear,Frontline,1,0,0
S0936,Medic,Private_First_Class,4.7,5.6,Day,Rain,GOP,0,0,0
S0937,Artillery,Private,6.8,11.1,Day,Clear,GOP,1,0,0
S0938,Artillery,Private_First_Class,4.0,6.3,Night,Cloudy,Frontline,0,0,0
S0939,Infantry,Sergeant,3.2,6.2,Night,Snow,Frontline,0,1,1
S0940,Artillery,Private,3.6,11.7,Day,Snow,Rear,1,0,0
S0941,Infantry,Corporal,7.0,6.5,Night,Cloudy,GOP,0,0,0
S0942,Medic,Corporal,6.4,11.3,Night,Snow,GOP,0,1,1
S0943,Medic,Corporal,6.2,7.3,Day,Rain,Frontline,0,0,0
S0944,Infantry,Private_First_Class,4.5,6.4,On_Call,Snow,Rear,1,0,0
S0945,Engineer,Private,7.1,5.6,Night,Rain,GOP,1,1,0
S0946,Infantry,Sergeant,4.5,4.4,Day,Cloudy,Rear,0,0,0
S0947,Infantry,Corporal,4.1,7.8,Day,Clear,GOP,0,0,0
S0948,Engineer,Corporal,5.3,5.3,On_Call,Snow,Rear,1,0,0
S0949,Infantry,Private_First_Class,4.1,8.6,Night,Clear,Frontline,1,0,0
S0950,Infantry,Corporal,6.0,5.7,Night,Cloudy,GOP,0,1,0
S0951,Infantry,Private,6.0,4.5,Day,Rain,GOP,1,0,0
S0952,Artillery,Sergeant,6.7,11.5,Day,Snow,GOP,1,0,0
S0953,Engineer,Private_First_Class,6.9,11.0,Day,Cloudy,GOP,1,1,0
S0954,Engineer,Sergeant,4.4,9.3,Day,Clear,Frontline,0,1,1
S0955,Artillery,Sergeant,5.7,11.0,On_Call,Rain,Frontline,0,0,0
S0956,Artillery,Private,4.8,7.0,Day,Rain,Rear,0,0,0
S0957,Artillery,Private_First_Class,7.2,11.0,Day,Cloudy,GOP,1,1,0
S0958,Medic,Private,6.2,5.8,On_Call,Rain,Rear,1,0,0
S0959,Engineer,Private,4.3,11.5,Night,Cloudy,GOP,0,0,0
S0960,Engineer,Corporal,5.7,11.4,On_Call,Snow,GOP,0,0,0
S0961,Artillery,Corporal,5.9,6.2,Night,Rain,Frontline,0,1,1
S0962,Medic,Private,4.6,10.6,Night,Cloudy,GOP,0,0,0
S0963,Artillery,Private,3.4,4.6,Night,Clear,Rear,1,0,0
S0964,Infantry,Private_First_Class,5.7,9.2,Night,Rain,Frontline,0,0,0
S0965,Artillery,Corporal,7.8,4.6,On_Call,Snow,Rear,1,0,0
S0966,Infantry,Corporal,5.0,10.2,Day,Clear,GOP,0,1,0
S0967,Artillery,Private,5.9,9.7,Day,Snow,Rear,1,0,0
S0968,Infantry,Private_First_Class,6.8,8.9,Night,Clear,GOP,0,0,0
S0969,Infantry,Private_First_Class,3.9,8.0,Day,Rain,GOP,1,1,0
S0970,Medic,Corporal,5.9,4.9,On_Call,Rain,Rear,0,0,0
S0971,Artillery,Private,6.7,5.7,Day,Cloudy,GOP,0,0,0
S0972,Artillery,Corporal,7.4,6.7,Night,Rain,Frontline,0,0,0
S0973,Artillery,Private,4.2,7.5,On_Call,Snow,GOP,0,0,0
S0974,Medic,Corporal,7.1,11.9,On_Call,Clear,GOP,1,1,1
S0975,Infantry,Corporal,5.1,9.5,On_Call,Rain,Frontline,0,1,1
S0976,Artillery,Corporal,7.8,6.2,Day,Rain,Rear,0,1,1
S0977,Artillery,Private,4.1,10.6,Day,Cloudy,Rear,1,0,0
S0978,Artillery,Private,5.8,6.9,Day,Snow,Frontline,1,0,0
S0979,Engineer,Sergeant,7.1,9.0,Night,Rain,GOP,0,1,0
S0980,Engineer,Sergeant,4.4,4.1,Day,Clear,GOP,0,0,0
S0981,Medic,Sergeant,5.1,9.2,Night,Rain,Rear,0,0,0
S0982,Medic,Sergeant,4.2,6.8,Night,Snow,Frontline,0,0,0
S0983,Artillery,Private,6.0,10.1,Night,Snow,GOP,0,1,0
S0984,Medic,Sergeant,3.1,8.7,Night,Clear,Rear,1,1,1
S0985,Artillery,Sergeant,4.9,8.7,Day,Cloudy,Frontline,0,1,0
S0986,Medic,Private_First_Class,3.2,7.7,Night,Rain,Frontline,0,1,1
S0987,Artillery,Corporal,5.8,4.7,On_Call,Clear,GOP,1,0,0
S0988,Artillery,Sergeant,4.2,8.7,On_Call,Cloudy,Frontline,1,1,0
S0989,Medic,Corporal,7.7,8.8,Day,Clear,Frontline,1,0,0
S0990,Infantry,Corporal,5.4,6.8,On_Call,Snow,Frontline,0,0,0
S0991,Engineer,Corporal,6.7,5.4,On_Call,Cloudy,Rear,0,0,0
S0992,Artillery,Sergeant,7.8,6.8,On_Call,Cloudy,Rear,0,1,0
S0993,Medic,Corporal,6.3,6.3,Day,Snow,Rear,1,0,0
S0994,Medic,Corporal,6.6,6.2,Night,Clear,GOP,1,1,1
S0995,Artillery,Private_First_Class,6.0,4.9,Night,Clear,Frontline,0,0,0
S0996,Infantry,Private,6.9,10.8,Day,Clear,GOP,1,1,1
S0997,Infantry,Sergeant,5.1,11.3,Day,Rain,Rear,0,0,0
S0998,Infantry,Corporal,7.3,8.1,Day,Rain,GOP,0,0,0
S0999,Artillery,Corporal,6.8,7.8,Day,Snow,Frontline,0,1,0
S1000,Artillery,Private,4.5,8.9,Day,Rain,Frontline,0,1,1
